"2026/04/02","13:00:00","2026/04/02","13:15:00","","TEST:20:Teams会議:Office365から無償Outlookへ","毎週2026年4月2日(木)から2026年4月30日(木) 13:00-13:15
9日の本文修正。16日の時間修正13:15-13:30。23日の会議キャンセル
参加者に無償Outlook追加
「本文修正なし」

(REMOVE TEAMS INFOMATION)
"
"2026/04/02","13:30:00","2026/04/02","13:45:00","","TEST:21:Teams会議:無償OutlookからOffice365へ","毎週2026年4月2日(木)から2026年4月30日(木) 13:30-13:45
9日の本文修正。16日の時間修正13:45-14:00。23日の会議キャンセル
参加者にOffice365追加
「本文修正なし」

(REMOVE TEAMS INFOMATION)
"
"2026/04/09","13:00:00","2026/04/09","13:15:00","","Hidden: TEST:20:Teams会議:Office365から無償Outlookへ","毎週2026年4月2日(木)から2026年4月30日(木) 13:00-13:15
9日の本文修正。16日の時間修正13:15-13:30。23日の会議キャンセル
参加者に無償Outlook追加
「本文修正なし」

(REMOVE TEAMS INFOMATION)
"
"2026/04/09","13:00:00","2026/04/09","13:15:00","","TEST:20:Teams会議:Office365から無償Outlookへ","毎週2026年4月2日(木)から2026年4月30日(木) 13:00-13:15
9日の本文修正。16日の時間修正13:15-13:30。23日の会議キャンセル
参加者に無償Outlook追加
「本文修正あり」

(REMOVE TEAMS INFOMATION)
"
"2026/04/09","13:30:00","2026/04/09","13:45:00","","Hidden: TEST:21:Teams会議:無償OutlookからOffice365へ","毎週2026年4月2日(木)から2026年4月30日(木) 13:30-13:45
9日の本文修正。16日の時間修正13:45-14:00。23日の会議キャンセル
参加者にOffice365追加
「本文修正なし」

(REMOVE TEAMS INFOMATION)
"
"2026/04/09","13:30:00","2026/04/09","13:45:00","","TEST:21:Teams会議:無償OutlookからOffice365へ","毎週2026年4月2日(木)から2026年4月30日(木) 13:30-13:45
9日の本文修正。16日の時間修正13:45-14:00。23日の会議キャンセル
参加者にOffice365追加
「本文修正あり」

(REMOVE TEAMS INFOMATION)
"
"2026/04/16","13:00:00","2026/04/16","13:15:00","","Hidden: TEST:20:Teams会議:Office365から無償Outlookへ","毎週2026年4月2日(木)から2026年4月30日(木) 13:00-13:15
9日の本文修正。16日の時間修正13:15-13:30。23日の会議キャンセル
参加者に無償Outlook追加
「本文修正なし」

(REMOVE TEAMS INFOMATION)
"
"2026/04/16","13:15:00","2026/04/16","13:30:00","","TEST:20:Teams会議:Office365から無償Outlookへ","毎週2026年4月2日(木)から2026年4月30日(木) 13:00-13:15
9日の本文修正。16日の時間修正13:15-13:30。23日の会議キャンセル
参加者に無償Outlook追加
「本文修正なし」

(REMOVE TEAMS INFOMATION)
"
"2026/04/16","13:30:00","2026/04/16","13:45:00","","Hidden: TEST:21:Teams会議:無償OutlookからOffice365へ","毎週2026年4月2日(木)から2026年4月30日(木) 13:30-13:45
9日の本文修正。16日の時間修正13:45-14:00。23日の会議キャンセル
参加者にOffice365追加
「本文修正なし」

(REMOVE TEAMS INFOMATION)
"
"2026/04/16","13:45:00","2026/04/16","14:00:00","","TEST:21:Teams会議:無償OutlookからOffice365へ","毎週2026年4月2日(木)から2026年4月30日(木) 13:30-13:45
9日の本文修正。16日の時間修正13:45-14:00。23日の会議キャンセル
参加者にOffice365追加
「本文修正なし」

(REMOVE TEAMS INFOMATION)
"
"2026/04/23","13:30:00","2026/04/23","13:45:00","","Hidden: TEST:21:Teams会議:無償OutlookからOffice365へ","毎週2026年4月2日(木)から2026年4月30日(木) 13:30-13:45
9日の本文修正。16日の時間修正13:45-14:00。23日の会議キャンセル
参加者にOffice365追加
「本文修正なし」

(REMOVE TEAMS INFOMATION)
"
"2026/04/23","13:30:00","2026/04/23","13:45:00","","キャンセル済み: TEST:21:Teams会議:無償OutlookからOffice365へ","休会します。
"
"2026/04/30","13:00:00","2026/04/30","13:15:00","","TEST:20:Teams会議:Office365から無償Outlookへ","毎週2026年4月2日(木)から2026年4月30日(木) 13:00-13:15
9日の本文修正。16日の時間修正13:15-13:30。23日の会議キャンセル
参加者に無償Outlook追加
「本文修正なし」

(REMOVE TEAMS INFOMATION)
"
"2026/04/30","13:30:00","2026/04/30","13:45:00","","TEST:21:Teams会議:無償OutlookからOffice365へ","毎週2026年4月2日(木)から2026年4月30日(木) 13:30-13:45
9日の本文修正。16日の時間修正13:45-14:00。23日の会議キャンセル
参加者にOffice365追加
「本文修正なし」

(REMOVE TEAMS INFOMATION)
"
